DROP TABLE detail_pinjam;

CREATE TABLE `detail_pinjam` (
  `id_detail_pinjam` int(11) NOT NULL AUTO_INCREMENT,
  `id_inventaris` int(11) NOT NULL,
  `jumlahp` varchar(5) NOT NULL,
  `status_peminjaman` enum('dipinjam','dikembalikan') NOT NULL,
  `id_peminjaman` int(11) NOT NULL,
  PRIMARY KEY (`id_detail_pinjam`),
  KEY `id_inventaris` (`id_inventaris`),
  KEY `id_peminjaman` (`id_peminjaman`)
) ENGINE=InnoDB AUTO_INCREMENT=5 DEFAULT CHARSET=latin1;

INSERT INTO detail_pinjam VALUES("1","1","1","dikembalikan","1");
INSERT INTO detail_pinjam VALUES("2","1","1","dikembalikan","2");
INSERT INTO detail_pinjam VALUES("3","16","1","dipinjam","4");
INSERT INTO detail_pinjam VALUES("4","1","1","dipinjam","4");



DROP TABLE inventaris;

CREATE TABLE `inventaris` (
  `id_inventaris` int(11) NOT NULL AUTO_INCREMENT,
  `nama` varchar(50) NOT NULL,
  `kondisi` enum('Baru','Baik','Rusak') NOT NULL,
  `spesifikasi` text NOT NULL,
  `keterangan_inventaris` enum('Tersedia','Dipinjam') NOT NULL,
  `jumlah` int(5) NOT NULL,
  `id_jenis` int(11) NOT NULL,
  `tanggal_register` date NOT NULL,
  `id_ruang` int(11) NOT NULL,
  `kode_inventaris` varchar(5) NOT NULL,
  `id_petugas` int(11) NOT NULL,
  `sumber` text NOT NULL,
  PRIMARY KEY (`id_inventaris`),
  KEY `id_petugas` (`id_petugas`),
  KEY `id_ruang` (`id_ruang`),
  KEY `id_jenis` (`id_jenis`)
) ENGINE=InnoDB AUTO_INCREMENT=25 DEFAULT CHARSET=latin1;

INSERT INTO inventaris VALUES("1","laptop4","Baru","Intel icore i3","Tersedia","3","6","2019-03-14","2","V0026","1","SMKN1CIOMAS");
INSERT INTO inventaris VALUES("13","Tang","Baru","tang bla bla bla","Tersedia","0","7","2019-03-21","1","V0018","1","SMKN1CIOMAS");
INSERT INTO inventaris VALUES("14","Laptop 99","Baru","Intel icore i3","Tersedia","0","6","2019-03-19","1","V0025","1","SMKN1CIOMAS");
INSERT INTO inventaris VALUES("15","Kamera","Baru","Nikon bla bla bla","Tersedia","0","8","2019-03-18","3","V0021","1","SMKN1CIOMAS");
INSERT INTO inventaris VALUES("16","lenovo 60","Baru","Baru","Tersedia","0","6","2019-02-21","5","V0001","1","SMKN1CIOMAS");
INSERT INTO inventaris VALUES("17","Tab Gambar","Baru","Pad bla bla bla","Tersedia","0","10","2019-03-20","5","V0020","1","SMKN1CIOMAS");
INSERT INTO inventaris VALUES("18","Kaca mata las","Baru","las bla bla bla","Tersedia","1","9","2019-03-19","4","V0019","1","SMKN1CIOMAS");
INSERT INTO inventaris VALUES("19","Laptop  03","Baik","Baik","Tersedia","1","6","2019-02-25","2","V0004","2","SMKN1CIOMAS");
INSERT INTO inventaris VALUES("20","Laptop 02 ","Baru","Intel icore i3","Tersedia","1","1","2019-04-19","1","V0031","1","smk negeri 1 ciomas");
INSERT INTO inventaris VALUES("21","Laptop 01 ","Baru","Intel icore i3","Tersedia","1","6","2019-03-25","1","V0030","1","SMKN1CIOMAS");
INSERT INTO inventaris VALUES("22","laptop12","Baik","Intel icore i3","Tersedia","1","6","2019-04-05","3","V0032","2","smk negeri 1 ciomas");
INSERT INTO inventaris VALUES("23","laptop13","Baik","Intel icore i3","Tersedia","1","6","2019-04-05","4","V0033","3","smk negeri 1 ciomas");
INSERT INTO inventaris VALUES("24","infocus 01","Baru","oks12w","Tersedia","1","6","2019-04-05","3","V0034","3","smk negeri 1 ciomas");



DROP TABLE jenis;

CREATE TABLE `jenis` (
  `id_jenis` int(11) NOT NULL AUTO_INCREMENT,
  `nama_jenis` varchar(100) NOT NULL,
  `kode_jenis` varchar(100) NOT NULL,
  `keterangan` varchar(100) NOT NULL,
  PRIMARY KEY (`id_jenis`)
) ENGINE=InnoDB AUTO_INCREMENT=11 DEFAULT CHARSET=latin1;

INSERT INTO jenis VALUES("1","Laptop","16868","barang-barang elektronik");
INSERT INTO jenis VALUES("2","Proyektor","1890","sarana pembelajaran");
INSERT INTO jenis VALUES("3","Printer","1145","untuk ngeprint");
INSERT INTO jenis VALUES("4","Scanner","1126","untuk scan");
INSERT INTO jenis VALUES("5","Peralatan Audio, Video, dan Kelengkapannya","66789","Banyak banget");
INSERT INTO jenis VALUES("6","RPL","J0077","Jurusan RPL");
INSERT INTO jenis VALUES("7","TKR","J0076","Jurusan TKR");
INSERT INTO jenis VALUES("8","BC","J0075","Jurusan BC");
INSERT INTO jenis VALUES("9","TPL","J0074","Jurusan TPL");
INSERT INTO jenis VALUES("10","ANM","J0073","Jurusan ANM");



DROP TABLE level;

CREATE TABLE `level` (
  `id_level` int(11) NOT NULL AUTO_INCREMENT,
  `nama_level` varchar(20) NOT NULL,
  PRIMARY KEY (`id_level`)
) ENGINE=InnoDB AUTO_INCREMENT=4 DEFAULT CHARSET=latin1;

INSERT INTO level VALUES("1","admin");
INSERT INTO level VALUES("2","operator");
INSERT INTO level VALUES("3","peminjam");



DROP TABLE pegawai;

CREATE TABLE `pegawai` (
  `id_pegawai` int(11) NOT NULL AUTO_INCREMENT,
  `nama_pegawai` varchar(50) NOT NULL,
  `nip` int(15) NOT NULL,
  `alamat` varchar(80) NOT NULL,
  `no_telfon` int(15) NOT NULL,
  `username` varchar(15) NOT NULL,
  `password` varchar(15) NOT NULL,
  PRIMARY KEY (`id_pegawai`)
) ENGINE=InnoDB AUTO_INCREMENT=3 DEFAULT CHARSET=latin1;

INSERT INTO pegawai VALUES("1","Nadia Mulyani","11972392","jl. Raya Laladon","1265738","nadia","nadia");
INSERT INTO pegawai VALUES("2","Bintang Yusuf","93764527","Jalan Laladon","81293103","bintang","bintang");



DROP TABLE peminjam;

CREATE ALGORITHM=UNDEFINED DEFINER=`root`@`localhost` SQL SECURITY DEFINER VIEW `peminjam` AS select `c`.`id_inventaris` AS `id_inventaris`,`d`.`id_peminjaman` AS `id_peminjaman`,`a`.`nama_pegawai` AS `nama_pegawai`,`c`.`nama` AS `nama`,`e`.`nama_ruang` AS `nama_ruang`,`b`.`jumlahp` AS `jumlah`,`d`.`status_peminjaman` AS `status_peminjaman`,`d`.`tanggal_pinjam` AS `tanggal_pinjam`,`d`.`tanggal_kembali` AS `tanggal_kembali` from ((((`pegawai` `a` join `detail_pinjam` `b`) join `inventaris` `c`) join `peminjaman` `d`) join `ruang` `e`) where ((`e`.`id_ruang` = `c`.`id_ruang`) and (`a`.`id_pegawai` = `d`.`id_pegawai`) and (`b`.`id_inventaris` = `c`.`id_inventaris`) and (`b`.`id_peminjaman` = `d`.`id_peminjaman`)) order by `d`.`id_peminjaman` desc;

INSERT INTO peminjam VALUES("16","4","Nadia Mulyani","lenovo 60","kelas 12 anm 1","1","dipinjam","2019-04-05","2019-04-12");
INSERT INTO peminjam VALUES("1","4","Nadia Mulyani","laptop4","kelas 12 rpl 2","1","dipinjam","2019-04-05","2019-04-12");
INSERT INTO peminjam VALUES("1","2","Nadia Mulyani","laptop4","kelas 12 rpl 2","1","dikembalikan","2019-04-05","2019-04-16");
INSERT INTO peminjam VALUES("1","1","Nadia Mulyani","laptop4","kelas 12 rpl 2","1","dikembalikan","2019-04-05","2019-04-18");



DROP TABLE peminjaman;

CREATE TABLE `peminjaman` (
  `id_peminjaman` int(11) NOT NULL AUTO_INCREMENT,
  `tanggal_pinjam` date NOT NULL,
  `tanggal_kembali` date NOT NULL,
  `status_peminjaman` enum('dipinjam','dikembalikan') NOT NULL,
  `id_pegawai` int(11) NOT NULL,
  PRIMARY KEY (`id_peminjaman`),
  KEY `id_petugas` (`id_pegawai`)
) ENGINE=InnoDB AUTO_INCREMENT=5 DEFAULT CHARSET=latin1;

INSERT INTO peminjaman VALUES("1","2019-04-05","2019-04-18","dikembalikan","1");
INSERT INTO peminjaman VALUES("2","2019-04-05","2019-04-16","dikembalikan","1");
INSERT INTO peminjaman VALUES("4","2019-04-05","2019-04-12","dipinjam","1");



DROP TABLE petugas;

CREATE TABLE `petugas` (
  `id_petugas` int(11) NOT NULL AUTO_INCREMENT,
  `username` varchar(25) NOT NULL,
  `email` varchar(35) NOT NULL,
  `password` varchar(20) NOT NULL,
  `nama_petugas` varchar(50) NOT NULL,
  `id_level` int(11) NOT NULL,
  `baned` enum('No','Yes') NOT NULL,
  `logintime` int(2) DEFAULT NULL,
  PRIMARY KEY (`id_petugas`),
  KEY `id_lavel` (`id_level`)
) ENGINE=InnoDB AUTO_INCREMENT=4 DEFAULT CHARSET=latin1;

INSERT INTO petugas VALUES("1","admin","imanelvanhaz@gmail.com","admin","Nadia Mulyani","1","No","0");
INSERT INTO petugas VALUES("2","operator","nadiamulyani1423@gmail.com","operator","nadiaamulyani","2","No","0");
INSERT INTO petugas VALUES("3","peminjam","nadiamulyani1423@gmail.com","peminjam","nananadia","3","No","0");



DROP TABLE recovery_keys;

CREATE TABLE `recovery_keys` (
  `rid` int(11) NOT NULL AUTO_INCREMENT,
  `userID` int(11) NOT NULL,
  `token` varchar(50) NOT NULL,
  `valid` tinyint(4) NOT NULL DEFAULT '1',
  PRIMARY KEY (`rid`)
) ENGINE=InnoDB DEFAULT CHARSET=latin1;




DROP TABLE ruang;

CREATE TABLE `ruang` (
  `id_ruang` int(11) NOT NULL AUTO_INCREMENT,
  `nama_ruang` varchar(25) NOT NULL,
  `jenis_ruang` varchar(25) NOT NULL,
  `keterangan` text NOT NULL,
  PRIMARY KEY (`id_ruang`)
) ENGINE=InnoDB AUTO_INCREMENT=6 DEFAULT CHARSET=latin1;

INSERT INTO ruang VALUES("1","Lab RPL 1","Laboratorium","Kondisi lab bersih");
INSERT INTO ruang VALUES("2","kelas 12 rpl 2","ruang kelas belajar","baik");
INSERT INTO ruang VALUES("3","kelas 12 rpl 1","ruang kelas belajar","baik");
INSERT INTO ruang VALUES("4","kelas 12 rpl 3","ruang kelas belajar","baik");
INSERT INTO ruang VALUES("5","kelas 12 anm 1","ruang kelas belajar","baik");



